Year,Name,FIREID,FIRE_NAME,CAUSE,CAL_YEAR,DECADE,Acres,STATE,AGENCY,UNIT_ID,OWNER,SDATE,ODATE,BOUNDARY,ACRES_GIS,UNIQUE_,REC,LOCATION,UNIT,SUBUNIT,DATE_,DATA_DATE,CLASS,FIRE_NUM,Comments,Area,Un_ID,Shape_Leng,Shape_Area,Other.fire.name,Other.fire.year,Prescribed.burn.name,Prescribed.burn.year
2015,ROSS4045,,,,,,,,,,,,,,,,,,,,,,,,,,,,,,,,
2015,ROSS4043,,,,,,,,,,,,,,,,,,,,,,,,,,,,,,,,
2015,ROSS4041,,,,,,,,,,,,,,,,,,,,,,,,,,,,,,,,
2015,ROSS4037,,,,,,,,,,,,,,,,,,,,,,,,,,,,,,,,
2015,ROSS4039,,,,,,,,,,,,,,,,,,,,,,,,,,,,,,,,
2015,ROSS4049,,,,,,,,,,,,,,,,,,,,,,,,,,,,,,,,
2015,ROSS4051,,,,,,,,,,,,,,,,,,,,,,,,,,,,,,,,
2015,ROSS4047,,,,,,,,,,,,,,,,,,,,,,,,,,,,,,,,
2015,BBCR3032,,,Lightning,1926,1920,44434.07829,WA,NPS,NCP,,,,,44434.07813,,,,,,1926-07-04,1999-11-30,G,,,179818335.1,,110140.8499,179818335.1,,,,
2015,BBCR3028,,,Lightning,1926,1920,44434.07829,WA,NPS,NCP,,,,,44434.07813,,,,,,1926-07-04,1999-11-30,G,,,179818335.1,,110140.8499,179818335.1,,,,
2015,BBCR6075,,,,,,,,,,,,,,,,,,,,,,,,,,,,,,,,
2015,BBCR6071,,,,,,,,,,,,,,,,,,,,,,,,,,,,,,,,
2015,BBCR3030,,,,,,,,,,,,,,,,,,,,,,,,,,,,,,,,
2015,BBCR6077,,,,,,,,,,,,,,,,,,,,,,,,,,,,,,,,
2015,BBCR6073,,,,,,,,,,,,,,,,,,,,,,,,,,,,,,,,
2015,BBCR3034,,,,,,,,,,,,,,,,,,,,,,,,,,,,,,,,
2015,ROSS3048,,,,,,,,,,,,,,,,,,,,,,,,,,,,,,,,
2015,ROSS3046,,,,,,,,,,,,,,,,,,,,,,,,,,,,,,,,
2015,ROSS4001,,,,,,,,,,,,,,,,,,,,,,,,,,,,,,,,
2015,ROSS3044,,,,,,,,,,,,,,,,,,,,,,,,,,,,,,,,
2015,ROSS3042,,,,,,,,,,,,,,,,,,,,,,,,,,,,,,,,
2015,ROSS3036,,,Lightning,1926,1920,44434.07829,WA,NPS,NCP,,,,,44434.07813,,,,,,1926-07-04,1999-11-30,G,,,179818335.1,,110140.8499,179818335.1,,,,
2015,ROSS3040,,,,,,,,,,,,,,,,,,,,,,,,,,,,,,,,
2015,ROSS4001REF,,,,,,,,,,,,,,,,,,,,,,,,,,,,,,,,
2015,HB5148,,,,,,,,,,,,,,,,,,,,,,,,,,,,,,,,
2015,BRCR5154,,,,,,,,,,,,,,,,,,,,,,,,,,,,,,,,
2015,BRCR5156,,,,,,,,,,,,,,,,,,,,,,,,,,,,,,,,
2015,BRCR5128,,,,,,,,,,,,,,,,,,,,,,,,,,,,,,,,
2015,COT5143,,,,,,,,,,,,,,,,,,,,,,,,,,,,,,,,
2015,COT5145,,,,,,,,,,,,,,,,,,,,,,,,,,,,,,,,
2015,COT5141,,,,,,,,,,,,,,,,,,,,,,,,,,,,,,,,
2015,BRCR5147,,,,,,,,,,,,,,,,,,,,,,,,,,,,,,,,
2015,BRCR5142,,,,,,,,,,,,,,,,,,,,,,,,,,,,,,,,
2015,BRCR5126,,,,,,,,,,,,,,,,,,,,,,,,,,,,,,,,
2015,HB5146,,,,,,,,,,,,,,,,,,,,,,,,,,,,,,,,
2015,STE2098,,,,,,,,,,,,,,,,,,,,,,,,,,,,,,,,
2015,HB5158,,,,,,,,,,,,,,,,,,,,,,,,,,,,,,,,
2015,HIBR5160,,,,,,,,,,,,,,,,,,,,,,,,,,,,,,,,
2015,STE2050,,,,,,,,,,,,,,,,,,,,,,,,,,,,,,,McGregor,2009
2015,HB2068,,,,,,,,,,,,,,,,,,,,,,,,,,,,,,,,
2015,STE2084,,,,,,,,,,,,,,,,,,,,,,,,,,,,,,,,
2015,STE2096,,,,,,,,,,,,,,,,,,,,,,,,,,,,,,,,
2015,STE2094,,,,,,,,,,,,,,,,,,,,,,,,,,,,,,,,
2015,STE2092,,,,,,,,,,,,,,,,,,,,,,,,,,,,,,,,
2015,STE2070,,,,,,,,,,,,,,,,,,,,,,,,,,,,,,,,
2015,STE2024,615093,,Lightning,2010,2010,3633.543871,WA,NPS,,,,,,3633.543945,2010-WANCP-5,,,,,2010-07-29,2010-08-19,F,0,,14704430.35,2010-WANCP-5,27947.80074,14704430.35,,,,
2015,STE2072,,,,,,,,,,,,,,,,,,,,,,,,,,,,,,,,
2015,STE2090,,,,,,,,,,,,,,,,,,,,,,,,,,,,,,,Company Creek,2003
2015,STE2088,,,,,,,,,,,,,,,,,,,,,,,,,,,,,,,Company Creek,2004
2015,STE2022,615093,,Lightning,2010,2010,3633.543871,WA,NPS,,,,,,3633.543945,2010-WANCP-5,,,,,2010-07-29,2010-08-19,F,0,,14704430.35,2010-WANCP-5,27947.80074,14704430.35,,,,
2015,STE2002,615093,,Lightning,2010,2010,3633.543871,WA,NPS,,,,,,3633.543945,2010-WANCP-5,,,,,2010-07-29,2010-08-19,F,0,,14704430.35,2010-WANCP-5,27947.80074,14704430.35,,,,
2015,STE2020,615093,,Lightning,2010,2010,3633.543871,WA,NPS,,,,,,3633.543945,2010-WANCP-5,,,,,2010-07-29,2010-08-19,F,0,,14704430.35,2010-WANCP-5,27947.80074,14704430.35,,,,
2015,STE2038,615093,,Lightning,2010,2010,3633.543871,WA,NPS,,,,,,3633.543945,2010-WANCP-5,,,,,2010-07-29,2010-08-19,F,0,,14704430.35,2010-WANCP-5,27947.80074,14704430.35,,,,
2015,STE2045,527551,FLICK CREEK,Human,2006,2000,7882.879193,WA,FS,NCP,,,,,7882.879395,2006-WANCP-7,,,,,2006-09-17,,G,7,,31900880.29,2006-WANCP-7,55449.59095,31900880.29,,,Imus Creek,2006
2015,STE2041,527551,FLICK CREEK,Human,2006,2000,7882.879193,WA,FS,NCP,,,,,7882.879395,2006-WANCP-7,,,,,2006-09-17,,G,7,,31900880.29,2006-WANCP-7,55449.59095,31900880.29,,,,
2015,STE2043,527551,FLICK CREEK,Human,2006,2000,7882.879193,WA,FS,NCP,,,,,7882.879395,2006-WANCP-7,,,,,2006-09-17,,G,7,,31900880.29,2006-WANCP-7,55449.59095,31900880.29,,,Imus Creek,2006
2015,STE2047,,,,,,,,,,,,,,,,,,,,,,,,,,,,,,,Unknown,NA
2015,STE2049,,,,,,,,,,,,,,,,,,,,,,,,,,,,,,,,
2015,STE2040,,,,,,,,,,,,,,,,,,,,,,,,,,,,,,,Boulder,2006
2015,STE2042,,,,,,,,,,,,,,,,,,,,,,,,,,,,,,,Orchard/Rainbow,2002
2015,STE2044,615093,,Lightning,2010,2010,3633.543871,WA,NPS,,,,,,3633.543945,2010-WANCP-5,,,,,2010-07-29,2010-08-19,F,0,,14704430.35,2010-WANCP-5,27947.80074,14704430.35,,,Rainbow bridge,2010
2015,STE2001,615093,,Lightning,2010,2010,3633.543871,WA,NPS,,,,,,3633.543945,2010-WANCP-5,,,,,2010-07-29,2010-08-19,F,0,,14704430.35,2010-WANCP-5,27947.80074,14704430.35,,,Rainbow bridge,2010
2015,STE2003,615093,,Lightning,2010,2010,3633.543871,WA,NPS,,,,,,3633.543945,2010-WANCP-5,,,,,2010-07-29,2010-08-19,F,0,,14704430.35,2010-WANCP-5,27947.80074,14704430.35,war creek,1994,,
2015,STE2046,615093,,Lightning,2010,2010,3633.543871,WA,NPS,,,,,,3633.543945,2010-WANCP-5,,,,,2010-07-29,2010-08-19,F,0,,14704430.35,2010-WANCP-5,27947.80074,14704430.35,,,Rainbow bridge,2010
2015,HIBR2082,,,,,,,,,,,,,,,,,,,,,,,,,,,,,,,Unknown,NA
2015,STE2036,615093,,Lightning,2010,2010,3633.543871,WA,NPS,,,,,,3633.543945,2010-WANCP-5,,,,,2010-07-29,2010-08-19,F,0,,14704430.35,2010-WANCP-5,27947.80074,14704430.35,,,,
2015,HIBR2052,,,,,,,,,,,,,,,,,,,,,,,,,,,,,,,Unknown,NA
2015,HB2066,,,,,,,,,,,,,,,,,,,,,,,,,,,,,,,,
2015,HB2064,,,,,,,,,,,,,,,,,,,,,,,,,,,,,,,,
2015,Park5122,,,,,,,,,,,,,,,,,,,,,,,,,,,,,,,,
2015,Park5124,,,,,,,,,,,,,,,,,,,,,,,,,,,,,,,,
2015,BrCr5028,,,,,,,,,,,,,,,,,,,,,,,,,,,,,,,,
2015,Nort5152,,,,,,,,,,,,,,,,,,,,,,,,,,,,,,,,
2015,Stil5002,,,,,,,,,,,,,,,,,,,,,,,,,,,,,,,,
2015,Nort5150,,,,,,,,,,,,,,,,,,,,,,,,,,,,,,,,
2015,Goode5136,,,,,,,,,,,,,,,,,,,,,,,,,,,,,,,,
2015,Goode5134,,,,,,,,,,,,,,,,,,,,,,,,,,,,,,,,
2015,Copp6036,,,,,,,,,,,,,,,,,,,,,,,,,,,,,,,,
2015,Copp6044,,,,,,,,,,,,,,,,,,,,,,,,,,,,,,,,
2015,Copp6012,,,,,,,,,,,,,,,,,,,,,,,,,,,,,,,,
2015,Copp6008,,,,,,,,,,,,,,,,,,,,,,,,,,,,,,,,
2015,Copp6004,,,,,,,,,,,,,,,,,,,,,,,,,,,,,,,,
2015,Copp6006,,,,,,,,,,,,,,,,,,,,,,,,,,,,,,,,
2015,Copp6020,,,,,,,,,,,,,,,,,,,,,,,,,,,,,,,,
2015,Copp6018,,,,,,,,,,,,,,,,,,,,,,,,,,,,,,,,
2015,Copp6022,,,,,,,,,,,,,,,,,,,,,,,,,,,,,,,,
2015,Copp6028,,,,,,,,,,,,,,,,,,,,,,,,,,,,,,,,
2015,Copp6032,,,,,,,,,,,,,,,,,,,,,,,,,,,,,,,,
2015,Copp6034,,,,,,,,,,,,,,,,,,,,,,,,,,,,,,,,
2015,What6031,,,,,,,,,,,,,,,,,,,,,,,,,,,,,,,,
2015,What6029,,,,,,,,,,,,,,,,,,,,,,,,,,,,,,,,
2015,What6027,,,,,,,,,,,,,,,,,,,,,,,,,,,,,,,,
2015,What6025,,,,,,,,,,,,,,,,,,,,,,,,,,,,,,,,
2015,What6011,,,,,,,,,,,,,,,,,,,,,,,,,,,,,,,,
2015,What6013,,,,,,,,,,,,,,,,,,,,,,,,,,,,,,,,
2015,What6015,,,,,,,,,,,,,,,,,,,,,,,,,,,,,,,,
2015,What6021,,,,,,,,,,,,,,,,,,,,,,,,,,,,,,,,
2015,What6017,,,,,,,,,,,,,,,,,,,,,,,,,,,,,,,,
2015,What6019,,,,,,,,,,,,,,,,,,,,,,,,,,,,,,,,
2015,Copp6016,,,,,,,,,,,,,,,,,,,,,,,,,,,,,,,,
2015,Copp6024,,,,,,,,,,,,,,,,,,,,,,,,,,,,,,,,
2015,Copp6038,,,,,,,,,,,,,,,,,,,,,,,,,,,,,,,,
2015,Copp6030,,,,,,,,,,,,,,,,,,,,,,,,,,,,,,,,
2015,Copp6026,,,,,,,,,,,,,,,,,,,,,,,,,,,,,,,,
2015,Copp6014,,,,,,,,,,,,,,,,,,,,,,,,,,,,,,,,
2015,Copp6002,,,,,,,,,,,,,,,,,,,,,,,,,,,,,,,,
2015,Copp6010,,,,,,,,,,,,,,,,,,,,,,,,,,,,,,,,
2015,Copp6042,,,,,,,,,,,,,,,,,,,,,,,,,,,,,,,,
2015,What6035,,,,,,,,,,,,,,,,,,,,,,,,,,,,,,,,
2015,What6037,,,,,,,,,,,,,,,,,,,,,,,,,,,,,,,,
2015,What6039,,,,,,,,,,,,,,,,,,,,,,,,,,,,,,,,
2015,What6043,,,,,,,,,,,,,,,,,,,,,,,,,,,,,,,,
2015,What6041,,,,,,,,,,,,,,,,,,,,,,,,,,,,,,,,
2015,What6005,,,,,,,,,,,,,,,,,,,,,,,,,,,,,,,,
2015,What6003,,,,,,,,,,,,,,,,,,,,,,,,,,,,,,,,
2015,What6001,,,,,,,,,,,,,,,,,,,,,,,,,,,,,,,,
2015,What6007,,,,,,,,,,,,,,,,,,,,,,,,,,,,,,,,
2015,What6009,,,,,,,,,,,,,,,,,,,,,,,,,,,,,,,,
2015,Copp6048,,,,,,,,,,,,,,,,,,,,,,,,,,,,,,,,
2015,Goode5132,,,,,,,,,,,,,,,,,,,,,,,,,,,,,,,,
2015,Goode5130,,,,,,,,,,,,,,,,,,,,,,,,,,,,,,,,
2015,Goode5138,,,,,,,,,,,,,,,,,,,,,,,,,,,,,,,,
2015,Goode5140,,,,,,,,,,,,,,,,,,,,,,,,,,,,,,,,
2015,Cas5109,,,,,,,,,,,,,,,,,,,,,,,,,,,,,,,,
2015,Cas5101,,,,,,,,,,,,,,,,,,,,,,,,,,,,,,,,
2015,Cas5107,,,,,,,,,,,,,,,,,,,,,,,,,,,,,,,,
2015,Cas5105,,,,,,,,,,,,,,,,,,,,,,,,,,,,,,,,
2015,Cas5103,,,,,,,,,,,,,,,,,,,,,,,,,,,,,,,,
2015,Ste2033,527551,FLICK CREEK,Human,2006,2000,7882.879193,WA,FS,NCP,,,,,7882.879395,2006-WANCP-7,,,,,2006-09-17,,G,7,,31900880.29,2006-WANCP-7,55449.59095,31900880.29,,,,
2015,Ste2031,,,,,,,,,,,,,,,,,,,,,,,,,,,,,,,,
2015,Ste2029,527551,FLICK CREEK,Human,2006,2000,7882.879193,WA,FS,NCP,,,,,7882.879395,2006-WANCP-7,,,,,2006-09-17,,G,7,,31900880.29,2006-WANCP-7,55449.59095,31900880.29,,,,
2015,Ste2027,527551,FLICK CREEK,Human,2006,2000,7882.879193,WA,FS,NCP,,,,,7882.879395,2006-WANCP-7,,,,,2006-09-17,,G,7,,31900880.29,2006-WANCP-7,55449.59095,31900880.29,,,,
2015,Ste2039,527551,FLICK CREEK,Human,2006,2000,7882.879193,WA,FS,NCP,,,,,7882.879395,2006-WANCP-7,,,,,2006-09-17,,G,7,,31900880.29,2006-WANCP-7,55449.59095,31900880.29,,,,
2015,Ste2078,,,,,,,,,,,,,,,,,,,,,,,,,,,,,,,,
2015,Ste2062,,,,,,,,,,,,,,,,,,,,,,,,,,,,,,,,
2015,Ste2060,,,,,,,,,,,,,,,,,,,,,,,,,,,,,,,,
2015,Ste2058,,,,,,,,,,,,,,,,,,,,,,,,,,,,,,,,
2015,Ste2056,,,,,,,,,,,,,,,,,,,,,,,,,,,,,,,,
2015,Ste2054,,,,,,,,,,,,,,,,,,,,,,,,,,,,,,,,
2015,Ste2035,202310,BOULDER BUTTE,Lightning,1994,1990,7271.355608,WA,NPS,NCP,,,,,7271.355469,1994-WANCP-17,,,,,1994-09-27,,G,,5 lightning fires burned together,29426132.14,1994-WANCP-,31871.36836,29426132.14,,,,
2015,Ste2037,202312,WAR CREEK,Lightning,1994,1990,2539.792137,WA,FS,NCP,,,,,2539.792236,1994-WANCP-19,,,,,1994-09-27,,F,19,,10278174.12,1994-WANCP-19,20521.19753,10278174.12,,,,
2015,Ste2025,202310,BOULDER BUTTE,Lightning,1994,1990,7271.355608,WA,NPS,NCP,,,,,7271.355469,1994-WANCP-17,,,,,1994-09-27,,G,,5 lightning fires burned together,29426132.14,1994-WANCP-,31871.36836,29426132.14,,,,
2015,Pyra1017,,,,,,,,,,,,,,,,,,,,,,,,,,,,,,,,
2015,Pyra1015,,,,,,,,,,,,,,,,,,,,,,,,,,,,,,,,
2015,Pyra1013,,,Lightning,1920,1920,436.7580557,WA,NPS,NCP,,,,,436.7580566,,,,,,,1999-11-30,E,,,1767497.143,,5370.92153,1767497.143,,,,
2015,Pyra1011,,,Lightning,1920,1920,436.7580557,WA,NPS,NCP,,,,,436.7580566,,,,,,,1999-11-30,E,,,1767497.143,,5370.92153,1767497.143,,,,
2015,Pyra1019,,,,,,,,,,,,,,,,,,,,,,,,,,,,,,,,
2015,July1045,,,,,,,,,,,,,,,,,,,,,,,,,,,,,,,,
2015,July1039,,,,,,,,,,,,,,,,,,,,,,,,,,,,,,,,
2015,July1034,,,,,,,,,,,,,,,,,,,,,,,,,,,,,,,,
2015,July1037,,,,,,,,,,,,,,,,,,,,,,,,,,,,,,,,
2015,July1035,,,,,,,,,,,,,,,,,,,,,,,,,,,,,,,,
2015,July1041,,,,,,,,,,,,,,,,,,,,,,,,,,,,,,,,
2015,Ross3041,,,Lightning,1926,1920,44434.07829,WA,NPS,NCP,,,,,44434.07813,,,,,,1926-07-04,1999-11-30,G,,,179818335.1,,110140.8499,179818335.1,,,,
2015,Ross3039,,,Lightning,1926,1920,44434.07829,WA,NPS,NCP,,,,,44434.07813,,,,,,1926-07-04,1999-11-30,G,,,179818335.1,,110140.8499,179818335.1,,,,
2015,Ross3037,,,Lightning,1926,1920,44434.07829,WA,NPS,NCP,,,,,44434.07813,,,,,,1926-07-04,1999-11-30,G,,,179818335.1,,110140.8499,179818335.1,,,,
2015,Ross3023,,,Lightning,1926,1920,44434.07829,WA,NPS,NCP,,,,,44434.07813,,,,,,1926-07-04,1999-11-30,G,,,179818335.1,,110140.8499,179818335.1,,,,
2015,Ross3019,,,Lightning,1926,1920,44434.07829,WA,NPS,NCP,,,,,44434.07813,,,,,,1926-07-04,1999-11-30,G,,,179818335.1,,110140.8499,179818335.1,,,,
2015,Mono8024,,,,,,,,,,,,,,,,,,,,,,,,,,,,,,,,
2015,Mono8023,,,,,,,,,,,,,,,,,,,,,,,,,,,,,,,,
2015,Mono8022,,,,,,,,,,,,,,,,,,,,,,,,,,,,,,,,
2015,Mono8021,,,,,,,,,,,,,,,,,,,,,,,,,,,,,,,,
2015,Mono8019,,,,,,,,,,,,,,,,,,,,,,,,,,,,,,,,
2015,Mono8020,,,,,,,,,,,,,,,,,,,,,,,,,,,,,,,,
2015,Mcal5003,,,,,,,,,,,,,,,,,,,,,,,,,,,,,,,,
2015,Thun7128,,,,,,,,,,,,,,,,,,,,,,,,,,,,,,,,
2015,Thun7127,,,,,,,,,,,,,,,,,,,,,,,,,,,,,,,,
2015,Thun7125,,,,,,,,,,,,,,,,,,,,,,,,,,,,,,,,
2015,Thun7126,,,,,,,,,,,,,,,,,,,,,,,,,,,,,,,,
2015,Thun7124,,,,,,,,,,,,,,,,,,,,,,,,,,,,,,,,
2015,Thun7122,,,,,,,,,,,,,,,,,,,,,,,,,,,,,,,,
2015,Thun7121,,,,,,,,,,,,,,,,,,,,,,,,,,,,,,,,
2015,Thun7120,,,,,,,,,,,,,,,,,,,,,,,,,,,,,,,,
2015,Thun7119,,,,,,,,,,,,,,,,,,,,,,,,,,,,,,,,
2015,Thun7118,,,,,,,,,,,,,,,,,,,,,,,,,,,,,,,,
2015,Thun7123,,,,,,,,,,,,,,,,,,,,,,,,,,,,,,,,
2015,McAl5004,,,,,,,,,,,,,,,,,,,,,,,,,,,,,,,,
2015,McAl5005,,,,,,,,,,,,,,,,,,,,,,,,,,,,,,,,
2015,McAl5006,,,,,,,,,,,,,,,,,,,,,,,,,,,,,,,,
2015,McAl5007,,,,,,,,,,,,,,,,,,,,,,,,,,,,,,,,
2015,Casc5139,,,,,,,,,,,,,,,,,,,,,,,,,,,,,,,,
2015,Horse5125,,,,,,,,,,,,,,,,,,,,,,,,,,,,,,,,
2015,Casc5123,,,,,,,,,,,,,,,,,,,,,,,,,,,,,,,,
2015,Casc5121,,,,,,,,,,,,,,,,,,,,,,,,,,,,,,,,
2015,Casc5119,,,,,,,,,,,,,,,,,,,,,,,,,,,,,,,,
2015,Casc5117,,,,,,,,,,,,,,,,,,,,,,,,,,,,,,,,
2015,July1031,,,,,,,,,,,,,,,,,,,,,,,,,,,,,,,,
2015,July1026,,,,,,,,,,,,,,,,,,,,,,,,,,,,,,,,
2015,July1032,,,,,,,,,,,,,,,,,,,,,,,,,,,,,,,,
2015,July1024,,,,,,,,,,,,,,,,,,,,,,,,,,,,,,,,
2015,Beav6057,,,,,,,,,,,,,,,,,,,,,,,,,,,,,,,,
2015,Beav6055,,,,,,,,,,,,,,,,,,,,,,,,,,,,,,,,
2015,Beav6051,,,,,,,,,,,,,,,,,,,,,,,,,,,,,,,,
2015,Beav6047,,,,,,,,,,,,,,,,,,,,,,,,,,,,,,,,
2015,Beav6049,,,,,,,,,,,,,,,,,,,,,,,,,,,,,,,,
2015,Ross3022,202012,Little Beaver 1,Lightning,1978,1970,1974.746876,WA,NPS,NCP,,,,,1974.754761,,,,,,1978-07-26,,C,8006,,7991549.046,,12834.12996,7991549.049,,,,
2015,Ross3024,,,,,,,,,,,,,,,,,,,,,,,,,,,,,,,,
2015,Ross3020,,,,,,,,,,,,,,,,,,,,,,,,,,,,,,,,
2015,Ross3018,,,,,,,,,,,,,,,,,,,,,,,,,,,,,,,,
2015,Ross3006,,,Lightning,1926,1920,44434.07829,WA,NPS,NCP,,,,,44434.07813,,,,,,1926-07-04,1999-11-30,G,,,179818335.1,,110140.8499,179818335.1,,,,
2015,Ross3026,,,,,,,,,,,,,,,,,,,,,,,,,,,,,,,,
2015,Ross3016,,,,,,,,,,,,,,,,,,,,,,,,,,,,,,,,
2015,Ross3012,,,,,,,,,,,,,,,,,,,,,,,,,,,,,,,,
2015,Ross3014,,,,,,,,,,,,,,,,,,,,,,,,,,,,,,,,
2015,Ross3008,,,,,,,,,,,,,,,,,,,,,,,,,,,,,,,,
2015,Thor4010,,,,,,,,,,,,,,,,,,,,,,,,,,,,,,,,
2015,Thor4014,,,,,,,,,,,,,,,,,,,,,,,,,,,,,,,,
2015,Thor4012,,,,,,,,,,,,,,,,,,,,,,,,,,,,,,,,
2015,Thor4016,,,,,,,,,,,,,,,,,,,,,,,,,,,,,,,,
2015,Thor4006,,,,,,,,,,,,,,,,,,,,,,,,,,,,,,,,
2015,Thor4004,,,,,,,,,,,,,,,,,,,,,,,,,,,,,,,,
2015,Thor4008,,,,,,,,,,,,,,,,,,,,,,,,,,,,,,,,
2015,Thor4002,,,,,,,,,,,,,,,,,,,,,,,,,,,,,,,,
2015,Ste2018,,,,,,,,,,,,,,,,,,,,,,,,,,,,,,,,
2015,Ste2080,,,,,,,,,,,,,,,,,,,,,,,,,,,,,,,,
2015,Ste2016,,,,,,,,,,,,,,,,,,,,,,,,,,,,,,,,
2015,Ste2014,,,,,,,,,,,,,,,,,,,,,,,,,,,,,,,,
2015,Ste2012,,,,,,,,,,,,,,,,,,,,,,,,,,,,,,,,
2015,Ste2008,,,,,,,,,,,,,,,,,,,,,,,,,,,,,,,,
2015,Ste2006,,,,,,,,,,,,,,,,,,,,,,,,,,,,,,,,
2015,Ste2028,,,,,,,,,,,,,,,,,,,,,,,,,,,,,,,,
2015,Ste2026,,,,,,,,,,,,,,,,,,,,,,,,,,,,,,,,
2015,Supp2026,,,,,,,,,,,,,,,,,,,,,,,,,,,,,,,,
2015,Ste2034,,,,,,,,,,,,,,,,,,,,,,,,,,,,,,,,
2015,Ste2030,,,,,,,,,,,,,,,,,,,,,,,,,,,,,,,,
2015,Ste2032,,,,,,,,,,,,,,,,,,,,,,,,,,,,,,,,
2015,Ste2019,202310,BOULDER BUTTE,Lightning,1994,1990,7271.355608,WA,NPS,NCP,,,,,7271.355469,1994-WANCP-17,,,,,1994-09-27,,G,,5 lightning fires burned together,29426132.14,1994-WANCP-,31871.36836,29426132.14,,,,
2015,Ste2017,202310,BOULDER BUTTE,Lightning,1994,1990,7271.355608,WA,NPS,NCP,,,,,7271.355469,1994-WANCP-17,,,,,1994-09-27,,G,,5 lightning fires burned together,29426132.14,1994-WANCP-,31871.36836,29426132.14,Lone mountain,2014,,
2015,Ste2005,202310,BOULDER BUTTE,Lightning,1994,1990,7271.355608,WA,NPS,NCP,,,,,7271.355469,1994-WANCP-17,,,,,1994-09-27,,G,,5 lightning fires burned together,29426132.14,1994-WANCP-,31871.36836,29426132.14,Lone mountain,2014,,
2015,Ste2023,202310,BOULDER BUTTE,Lightning,1994,1990,7271.355608,WA,NPS,NCP,,,,,7271.355469,1994-WANCP-17,,,,,1994-09-27,,G,,5 lightning fires burned together,29426132.14,1994-WANCP-,31871.36836,29426132.14,,,,
2015,Ste2021,202310,BOULDER BUTTE,Lightning,1994,1990,7271.355608,WA,NPS,NCP,,,,,7271.355469,1994-WANCP-17,,,,,1994-09-27,,G,,5 lightning fires burned together,29426132.14,1994-WANCP-,31871.36836,29426132.14,,,,
2015,Ste2007,202310,BOULDER BUTTE,Lightning,1994,1990,7271.355608,WA,NPS,NCP,,,,,7271.355469,1994-WANCP-17,,,,,1994-09-27,,G,,5 lightning fires burned together,29426132.14,1994-WANCP-,31871.36836,29426132.14,,,,
2015,Ste2015,202310,BOULDER BUTTE,Lightning,1994,1990,7271.355608,WA,NPS,NCP,,,,,7271.355469,1994-WANCP-17,,,,,1994-09-27,,G,,5 lightning fires burned together,29426132.14,1994-WANCP-,31871.36836,29426132.14,,,,
2015,Ste2011,202310,BOULDER BUTTE,Lightning,1994,1990,7271.355608,WA,NPS,NCP,,,,,7271.355469,1994-WANCP-17,,,,,1994-09-27,,G,,5 lightning fires burned together,29426132.14,1994-WANCP-,31871.36836,29426132.14,,,,
2015,Ste2013,202310,BOULDER BUTTE,Lightning,1994,1990,7271.355608,WA,NPS,NCP,,,,,7271.355469,1994-WANCP-17,,,,,1994-09-27,,G,,5 lightning fires burned together,29426132.14,1994-WANCP-,31871.36836,29426132.14,,,,
2015,Ste2009,202310,BOULDER BUTTE,Lightning,1994,1990,7271.355608,WA,NPS,NCP,,,,,7271.355469,1994-WANCP-17,,,,,1994-09-27,,G,,5 lightning fires burned together,29426132.14,1994-WANCP-,31871.36836,29426132.14,,,,
2015,Ross3025,,,Lightning,1926,1920,44434.07829,WA,NPS,NCP,,,,,44434.07813,,,,,,1926-07-04,1999-11-30,G,,,179818335.1,,110140.8499,179818335.1,,,,
2015,Ross3027,,,Lightning,1926,1920,44434.07829,WA,NPS,NCP,,,,,44434.07813,,,,,,1926-07-04,1999-11-30,G,,,179818335.1,,110140.8499,179818335.1,,,,
2015,Ross3029,,,Lightning,1926,1920,44434.07829,WA,NPS,NCP,,,,,44434.07813,,,,,,1926-07-04,1999-11-30,G,,,179818335.1,,110140.8499,179818335.1,,,,
2015,Ross3031,,,Lightning,1926,1920,44434.07829,WA,NPS,NCP,,,,,44434.07813,,,,,,1926-07-04,1999-11-30,G,,,179818335.1,,110140.8499,179818335.1,,,,
2015,Ross3043,,,Lightning,1926,1920,44434.07829,WA,NPS,NCP,,,,,44434.07813,,,,,,1926-07-04,1999-11-30,G,,,179818335.1,,110140.8499,179818335.1,,,,
2015,Ross3035,,,Lightning,1926,1920,44434.07829,WA,NPS,NCP,,,,,44434.07813,,,,,,1926-07-04,1999-11-30,G,,,179818335.1,,110140.8499,179818335.1,,,,
2015,Ross3021,,,Lightning,1926,1920,44434.07829,WA,NPS,NCP,,,,,44434.07813,,,,,,1926-07-04,1999-11-30,G,,,179818335.1,,110140.8499,179818335.1,,,,
2015,Ross3017,,,Lightning,1926,1920,44434.07829,WA,NPS,NCP,,,,,44434.07813,,,,,,1926-07-04,1999-11-30,G,,,179818335.1,,110140.8499,179818335.1,,,,
2015,Ruby1055,,,,,,,,,,,,,,,,,,,,,,,,,,,,,,,,
2015,Ruby1057,,,,,,,,,,,,,,,,,,,,,,,,,,,,,,,,
2015,Ruby1063,,,,,,,,,,,,,,,,,,,,,,,,,,,,,,,,
2015,Ruby1061,,,,,,,,,,,,,,,,,,,,,,,,,,,,,,,,
2015,Ruby1059,,,,,,,,,,,,,,,,,,,,,,,,,,,,,,,,
2015,July1020,,,,,,,,,,,,,,,,,,,,,,,,,,,,,,,,
2015,July1022,,,,,,,,,,,,,,,,,,,,,,,,,,,,,,,,
2015,Ruby1049,,,,,,,,,,,,,,,,,,,,,,,,,,,,,,,,
2015,Ruby1053,,,,,,,,,,,,,,,,,,,,,,,,,,,,,,,,
2015,Ruby1047,,,,,,,,,,,,,,,,,,,,,,,,,,,,,,,,
2015,July1043,,,,,,,,,,,,,,,,,,,,,,,,,,,,,,,,
2015,July1029,,,,,,,,,,,,,,,,,,,,,,,,,,,,,,,,
2015,Pan1025,,,,,,,,,,,,,,,,,,,,,,,,,,,,,,,,
2015,Pan1027,,,,,,,,,,,,,,,,,,,,,,,,,,,,,,,,
2015,Pan1016,,,,,,,,,,,,,,,,,,,,,,,,,,,,,,,,
2015,Pan1018,,,,,,,,,,,,,,,,,,,,,,,,,,,,,,,,
2015,Pan1021,,,,,,,,,,,,,,,,,,,,,,,,,,,,,,,,
2015,Pan1023,,,,,,,,,,,,,,,,,,,,,,,,,,,,,,,,
2015,Pyra1012,,,,,,,,,,,,,,,,,,,,,,,,,,,,,,,,
2015,Pyra1010,,,,,,,,,,,,,,,,,,,,,,,,,,,,,,,,
2015,Pyra1014,,,,,,,,,,,,,,,,,,,,,,,,,,,,,,,,
2015,Sour4015,,,,,,,,,,,,,,,,,,,,,,,,,,,,,,,,
2015,Sour4017,,,,,,,,,,,,,,,,,,,,,,,,,,,,,,,,
2015,Sour4011,,,,,,,,,,,,,,,,,,,,,,,,,,,,,,,,
2015,Sour4009,,,,,,,,,,,,,,,,,,,,,,,,,,,,,,,,
2015,Sour4007,,,,,,,,,,,,,,,,,,,,,,,,,,,,,,,,
2015,Sour4005,,,,,,,,,,,,,,,,,,,,,,,,,,,,,,,,
2015,Sour4027,,,,,,,,,,,,,,,,,,,,,,,,,,,,,,,,
2015,Sour4031,,,,,,,,,,,,,,,,,,,,,,,,,,,,,,,,
2015,Sour4003,,,,,,,,,,,,,,,,,,,,,,,,,,,,,,,,
2015,Sour4025,,,,,,,,,,,,,,,,,,,,,,,,,,,,,,,,
2015,Sour4023,,,,,,,,,,,,,,,,,,,,,,,,,,,,,,,,
2015,Sour4035,,,,,,,,,,,,,,,,,,,,,,,,,,,,,,,,
2015,Sour4033,,,,,,,,,,,,,,,,,,,,,,,,,,,,,,,,
2015,Sour4029,,,,,,,,,,,,,,,,,,,,,,,,,,,,,,,,
2015,Sour4019,,,,,,,,,,,,,,,,,,,,,,,,,,,,,,,,
2015,Sour4021,,,,,,,,,,,,,,,,,,,,,,,,,,,,,,,,
2015,Ross3010,,,,,,,,,,,,,,,,,,,,,,,,,,,,,,,,
2015,Beav6069,,,,,,,,,,,,,,,,,,,,,,,,,,,,,,,,
2015,July1033,,,,,,,,,,,,,,,,,,,,,,,,,,,,,,,,
2015,McAl5009,,,,,,,,,,,,,,,,,,,,,,,,,,,,,,,,
2015,MCAL5008,,,,,,,,,,,,,,,,,,,,,,,,,,,,,,,,
2015,McAl5010,,,,,,,,,,,,,,,,,,,,,,,,,,,,,,,,
2015,RaRi5011,,,,,,,,,,,,,,,,,,,,,,,,,,,,,,,,
2015,RaRi5014,,,,,,,,,,,,,,,,,,,,,,,,,,,,,,,,
2015,RaRi5015,,,,,,,,,,,,,,,,,,,,,,,,,,,,,,,,
2015,RaRi5013,,,,,,,,,,,,,,,,,,,,,,,,,,,,,,,,
2015,RaRi5012,,,,,,,,,,,,,,,,,,,,,,,,,,,,,,,,
2015,Rari5016,,,,,,,,,,,,,,,,,,,,,,,,,,,,,,,,
2015,RaRi5018,,,,,,,,,,,,,,,,,,,,,,,,,,,,,,,,
2015,RaRi5017,,,,,,,,,,,,,,,,,,,,,,,,,,,,,,,,
2015,RaRi5019,,,,,,,,,,,,,,,,,,,,,,,,,,,,,,,,
2015,RaRi5021,,,,,,,,,,,,,,,,,,,,,,,,,,,,,,,,
2015,RaLa5023,,,,,,,,,,,,,,,,,,,,,,,,,,,,,,,,
2015,RaLa5022,,,,,,,,,,,,,,,,,,,,,,,,,,,,,,,,
2015,RaLa5026,,,,,,,,,,,,,,,,,,,,,,,,,,,,,,,,
2015,RaLa5027,,,,,,,,,,,,,,,,,,,,,,,,,,,,,,,,
2015,Trap5127,,,,,,,,,,,,,,,,,,,,,,,,,,,,,,,,
2015,Supp5127,,,,,,,,,,,,,,,,,,,,,,,,,,,,,,,,
2015,BEAV6067,,,Lightning,1940,1940,171.8300766,WA,NPS,NCP,,,,,171.8300781,,,,,,,1999-11-30,D,,,695371.6491,,3148.832593,695371.6491,,,,
2015,BEAV6063,,,,,,,,,,,,,,,,,,,,,,,,,,,,,,,,
2015,BEAV6061,,,,,,,,,,,,,,,,,,,,,,,,,,,,,,,,
2014,Anne263,,,,,,,,,,,,,,,,,,,,,,,,,,,,,,,,
2014,Anne264,,,,,,,,,,,,,,,,,,,,,,,,,,,,,,,,
2014,Anne265,,,,,,,,,,,,,,,,,,,,,,,,,,,,,,,,
2014,Bac208,,,,,,,,,,,,,,,,,,,,,,,,,,,,,,,,
2014,Bak487,,,,,,,,,,,,,,,,,,,,,,,,,,,,,,,,
2014,Bak488,,,,,,,,,,,,,,,,,,,,,,,,,,,,,,,,
2014,Bak489,,,,,,,,,,,,,,,,,,,,,,,,,,,,,,,,
2014,Bak491,,,,,,,,,,,,,,,,,,,,,,,,,,,,,,,,
2014,Bak492,,,Lightning,1920,1920,472.8627635,WA,NPS,NCP,,,,,472.8627625,,,,,,,1999-11-30,E,,,1913607.711,,5896.79693,1913607.711,,,,
2014,Bak493,,,Lightning,1920,1920,472.8627635,WA,NPS,NCP,,,,,472.8627625,,,,,,,1999-11-30,E,,,1913607.711,,5896.79693,1913607.711,,,,
2014,Bak494,,,,,,,,,,,,,,,,,,,,,,,,,,,,,,,,
2014,Cari276,,,,,,,,,,,,,,,,,,,,,,,,,,,,,,,,
2014,Cari278,,,,,,,,,,,,,,,,,,,,,,,,,,,,,,,,
2014,Cari280,,,,,,,,,,,,,,,,,,,,,,,,,,,,,,,,
2014,Cari382,,,,,,,,,,,,,,,,,,,,,,,,,,,,,,,,
2014,Cari384,,,,,,,,,,,,,,,,,,,,,,,,,,,,,,,,
2014,Cari447,,,,,,,,,,,,,,,,,,,,,,,,,,,,,,,,
2014,Cari448,,,,,,,,,,,,,,,,,,,,,,,,,,,,,,,,
2014,Cari449,,,,,,,,,,,,,,,,,,,,,,,,,,,,,,,,
2014,Cari450,,,,,,,,,,,,,,,,,,,,,,,,,,,,,,,,
2014,Dia1,,,,,,,,,,,,,,,,,,,,,,,,,,,,,,,,
2014,Dia2,,,,,,,,,,,,,,,,,,,,,,,,,,,,,,,,
2014,Dia230,,,,,,,,,,,,,,,,,,,,,,,,,,,,,,,,
2014,Dia231,,,,,,,,,,,,,,,,,,,,,,,,,,,,,,,,
2014,Dia232,,,,,,,,,,,,,,,,,,,,,,,,,,,,,,,,
2014,Dia233,,,,,,,,,,,,,,,,,,,,,,,,,,,,,,,,
2014,Dia234,,,,,,,,,,,,,,,,,,,,,,,,,,,,,,,,
2014,Dia3,,,,,,,,,,,,,,,,,,,,,,,,,,,,,,,,
2014,Dia5,,,,,,,,,,,,,,,,,,,,,,,,,,,,,,,,
2014,Dia6,,,,,,,,,,,,,,,,,,,,,,,,,,,,,,,,
2014,Dia8,,,,,,,,,,,,,,,,,,,,,,,,,,,,,,,,
2014,Dia9,,,,,,,,,,,,,,,,,,,,,,,,,,,,,,,,
2014,Easy451,,,,,,,,,,,,,,,,,,,,,,,,,,,,,,,,
2014,Easy452,,,,,,,,,,,,,,,,,,,,,,,,,,,,,,,,
2014,Easy453,,,,,,,,,,,,,,,,,,,,,,,,,,,,,,,,
2014,Easy454,,,,,,,,,,,,,,,,,,,,,,,,,,,,,,,,
2014,Easy455,,,,,,,,,,,,,,,,,,,,,,,,,,,,,,,,
2014,Easy456,,,,,,,,,,,,,,,,,,,,,,,,,,,,,,,,
2014,Easy457,,,,,,,,,,,,,,,,,,,,,,,,,,,,,,,,
2014,Easy458,,,,,,,,,,,,,,,,,,,,,,,,,,,,,,,,
2014,Easy459,,,,,,,,,,,,,,,,,,,,,,,,,,,,,,,,
2014,Easy460,,,,,,,,,,,,,,,,,,,,,,,,,,,,,,,,
2014,Easy461,,,,,,,,,,,,,,,,,,,,,,,,,,,,,,,,
2014,Easy462,,,,,,,,,,,,,,,,,,,,,,,,,,,,,,,,
2014,Easy463,,,,,,,,,,,,,,,,,,,,,,,,,,,,,,,,
2014,Easy464,,,,,,,,,,,,,,,,,,,,,,,,,,,,,,,,
2014,Easy465,,,,,,,,,,,,,,,,,,,,,,,,,,,,,,,,
2014,Easy466,,,,,,,,,,,,,,,,,,,,,,,,,,,,,,,,
2014,Gor482,,,,,,,,,,,,,,,,,,,,,,,,,,,,,,,,
2014,Gor481,,,,,,,,,,,,,,,,,,,,,,,,,,,,,,,,
2014,Gran478,,,,,,,,,,,,,,,,,,,,,,,,,,,,,,,,
2014,Gran479,,,,,,,,,,,,,,,,,,,,,,,,,,,,,,,,
2014,Hozo132,,,,,,,,,,,,,,,,,,,,,,,,,,,,,,,,
2014,Hozo134,,,,,,,,,,,,,,,,,,,,,,,,,,,,,,,,
2014,Hozo136,,,,,,,,,,,,,,,,,,,,,,,,,,,,,,,,
2014,Hozo138,,,,,,,,,,,,,,,,,,,,,,,,,,,,,,,,
2014,Hozo140,,,,,,,,,,,,,,,,,,,,,,,,,,,,,,,,
2014,Hozo142,,,,,,,,,,,,,,,,,,,,,,,,,,,,,,,,
2014,Hozo144,,,,,,,,,,,,,,,,,,,,,,,,,,,,,,,,
2014,Hozo146,,,,,,,,,,,,,,,,,,,,,,,,,,,,,,,,
2014,PCT235,,,,,,,,,,,,,,,,,,,,,,,,,,,,,,,,
2014,Thor217,,,,,,,,,,,,,,,,,,,,,,,,,,,,,,,,
2014,Thor219,,,,,,,,,,,,,,,,,,,,,,,,,,,,,,,,
2014,Thor223,,,,,,,,,,,,,,,,,,,,,,,,,,,,,,,,
2014,Thor225-m,,,,,,,,,,,,,,,,,,,,,,,,,,,,,,,,
2014,Thu42,,,,,,,,,,,,,,,,,,,,,,,,,,,,,,,,
2014,Thu46,,,,,,,,,,,,,,,,,,,,,,,,,,,,,,,,